Workbook

Sheet Summary
A1: Moodle capacity test — concurrently active students
A2: Test date 30 Sep 2026 · Locust staged ramp · each stage held 3.5 min, first 90 s excluded as ramp-up
A4: Capacity (highest stage that passed the SLA)
A5: Workload | B5: Capacity (students active at once) | C5: Limited by | D5: Details sheet
A6: Normal use: pages, forum, multiple-choice quiz | B6: =_xlfn.MAXIFS('Normal use'!A:A,'Normal use'!L:L,"PASS") -> 3000 | C6: Host CPU (Moodle PHP ≈ 22 cores at saturation) | D6: Normal use
A7: Coding quiz: CodeRunner answers run in Jobe | B7: =_xlfn.MAXIFS(Coding!A:A,Coding!L:L,"PASS") -> 2000 | C7: Host CPU, shared by Moodle PHP + Jobe + DB | D7: Coding
A8: Jupyter notebooks (personal server + kernel each) | B8: =_xlfn.MAXIFS(Jupyter!A:A,Jupyter!L:L,"PASS") -> 150 | C8: Host RAM (≈ 180 MB per student) | D8: Jupyter
A9: The three capacities are not additive: all workloads share the same 28 CPU threads and 62 GB RAM. Jupyter stopped at 150 because host free RAM reached the 6 GB safety floor; practical limit ≈ 140.
A11: SLA — a stage PASSES only if every limit holds (edit the blue cells to re-judge the stages)
A12: Check | B12: Limit | C12: Unit
A13: Page loads p95 below | B13: 2.5 | C13: seconds
A14: Graded submission p95 below | B14: 5 | C14: seconds
A15: Jupyter server start p95 below | B15: 10 | C15: seconds
A16: Jupyter cell run p95 below | B16: 5 | C16: seconds
A17: Error rate below | B17: 0.01 | C17: fraction of requests
A18: Host CPU average below | B18: 0.9 | C18: fraction of 28 threads
A20: Hardware condition
A21: CPU | B21: Intel i7-14700, 20 cores / 28 threads
A22: RAM | B22: 62 GB total, ≈ 32 GB available to the test (rest used by other services)
A23: Disk | B23: NVMe SSD
A24: Host | B24: Shared with ASR / TTS / diarization / Open WebUI containers (idle during test); no swap activity
A25: Web tier | B25: Apache event MPM + PHP-FPM (112 children), MaxRequestWorkers 1024, KeepAliveTimeout 2 s
A26: Database | B26: MariaDB 11, max_connections 1100, 2 GB buffer pool; file sessions; no Redis/memcached
A27: Load generator | B27: Locust 2.46, 8 processes, on the same host (≈ 1 core at peak)
A28: Before tuning | B28: Apache prefork + mod_php, 256 workers: normal-use capacity was 750 (worker-limited, CPU 10 %)

Sheet Normal use
A1: Track 1 — normal use (dashboard, course, reading page, forum, multiple-choice quiz; 5–15 s think time)
A3: Students online | B3: Requests / s | C3: Page load p95 (s) | D3: Quiz submit p95 (s) | E3: Requests (measured window) | F3: Errors | G3: Error rate | H3: Host CPU avg | I3: Moodle CPU (cores) | J3: DB CPU (cores) | K3: Free host RAM min (GB) | L3: Verdict
A4: 1000 | B4: 112.2 | C4: 0.054 | D4: 0.061 | E4: 13498 | F4: 0 | G4: =IF(E4=0,0,F4/E4) -> 0 | H4: 0.159 | I4: 3.42 | J4: 0.66 | K4: 32.1 | L4: =IF(AND(C4<Summary!$B$13,D4<Summary!$B$14,G4<Summary!$B$17,H4<Summary!$B$18),"PASS","FAIL") -> PASS
A5: 2000 | B5: 224 | C5: 0.07 | D5: 0.081 | E5: 26958 | F5: 0 | G5: =IF(E5=0,0,F5/E5) -> 0 | H5: 0.432 | I5: 9.8 | J5: 1.76 | K5: 31.7 | L5: =IF(AND(C5<Summary!$B$13,D5<Summary!$B$14,G5<Summary!$B$17,H5<Summary!$B$18),"PASS","FAIL") -> PASS
A6: 3000 | B6: 335.6 | C6: 0.168 | D6: 0.226 | E6: 40139 | F6: 0 | G6: =IF(E6=0,0,F6/E6) -> 0 | H6: 0.855 | I6: 18.45 | J6: 3.56 | K6: 31.4 | L6: =IF(AND(C6<Summary!$B$13,D6<Summary!$B$14,G6<Summary!$B$17,H6<Summary!$B$18),"PASS","FAIL") -> PASS
A7: 3500 | B7: 352.2 | C7: 1.492 | D7: 1.843 | E7: 42495 | F7: 0 | G7: =IF(E7=0,0,F7/E7) -> 0 | H7: 1 | I7: 21.8 | J7: 4.31 | K7: 30.9 | L7: =IF(AND(C7<Summary!$B$13,D7<Summary!$B$14,G7<Summary!$B$17,H7<Summary!$B$18),"PASS","FAIL") -> FAIL
A8: 4000 | B8: 352 | C8: 4.046 | D8: 4.368 | E8: 42120 | F8: 0 | G8: =IF(E8=0,0,F8/E8) -> 0 | H8: 1 | I8: 21.79 | J8: 4.34 | K8: 30.5 | L8: =IF(AND(C8<Summary!$B$13,D8<Summary!$B$14,G8<Summary!$B$17,H8<Summary!$B$18),"PASS","FAIL") -> FAIL
A9: 4500 | B9: 352.2 | C9: 4.316 | D9: 6.143 | E9: 42170 | F9: 0 | G9: =IF(E9=0,0,F9/E9) -> 0 | H9: 1 | I9: 21.71 | J9: 4.38 | K9: 30.4 | L9: =IF(AND(C9<Summary!$B$13,D9<Summary!$B$14,G9<Summary!$B$17,H9<Summary!$B$18),"PASS","FAIL") -> FAIL
A10: 5000 | B10: 352.6 | C10: 7.857 | D10: 10.085 | E10: 42234 | F10: 89 | G10: =IF(E10=0,0,F10/E10) -> 0.0021073069 | H10: 1 | I10: 21.7 | J10: 4.38 | K10: 30.4 | L10: =IF(AND(C10<Summary!$B$13,D10<Summary!$B$14,G10<Summary!$B$17,H10<Summary!$B$18),"PASS","FAIL") -> FAIL
A11: 6000 | B11: 352.6 | C11: 9.638 | D11: 13.596 | E11: 42678 | F11: 266 | G11: =IF(E11=0,0,F11/E11) -> 0.0062327194 | H11: 1 | I11: 21.66 | J11: 4.4 | K11: 30.2 | L11: =IF(AND(C11<Summary!$B$13,D11<Summary!$B$14,G11<Summary!$B$17,H11<Summary!$B$18),"PASS","FAIL") -> FAIL
A13: Source: locust/results/20260930-1928-browse (stages_report.json, monitor.csv). CPU columns: averages over the measured window; 1 core = 100 % of one thread.

Sheet Coding
A1: Track 2 — CodeRunner coding quiz (write code 20–40 s, submit, answer run in Jobe sandbox; 10–30 s pause)
A3: Students coding | B3: Requests / s | C3: Jobe runs / s | D3: Page load p95 (s) | E3: Submit + grade p95 (s) | F3: Requests (measured window) | G3: Errors | H3: Error rate | I3: Host CPU avg | J3: Moodle CPU (cores) | K3: Jobe CPU max (cores) | L3: Verdict | M3: DB CPU (cores)
A4: 100 | B4: 8.2 | C4: 2 | D4: 0.045 | E4: 0.145 | F4: 984 | G4: 0 | H4: =IF(F4=0,0,G4/F4) -> 0 | I4: 0.021 | J4: 0.19 | K4: 0.42 | L4: =IF(AND(D4<Summary!$B$13,E4<Summary!$B$14,H4<Summary!$B$17,I4<Summary!$B$18),"PASS","FAIL") -> PASS | M4: 0.05
A5: 250 | B5: 20.1 | C5: 4.8 | D5: 0.046 | E5: 0.146 | F5: 2421 | G5: 0 | H5: =IF(F5=0,0,G5/F5) -> 0 | I5: 0.048 | J5: 0.57 | K5: 0.68 | L5: =IF(AND(D5<Summary!$B$13,E5<Summary!$B$14,H5<Summary!$B$17,I5<Summary!$B$18),"PASS","FAIL") -> PASS | M5: 0.13
A6: 500 | B6: 40.5 | C6: 9.9 | D6: 0.05 | E6: 0.154 | F6: 4869 | G6: 0 | H6: =IF(F6=0,0,G6/F6) -> 0 | I6: 0.095 | J6: 1.12 | K6: 1.54 | L6: =IF(AND(D6<Summary!$B$13,E6<Summary!$B$14,H6<Summary!$B$17,I6<Summary!$B$18),"PASS","FAIL") -> PASS | M6: 0.24
A7: 1000 | B7: 80.6 | C7: 20.1 | D7: 0.065 | E7: 0.183 | F7: 9692 | G7: 0 | H7: =IF(F7=0,0,G7/F7) -> 0 | I7: 0.226 | J7: 3.13 | K7: 2.87 | L7: =IF(AND(D7<Summary!$B$13,E7<Summary!$B$14,H7<Summary!$B$17,I7<Summary!$B$18),"PASS","FAIL") -> PASS | M7: 0.8
A8: 1500 | B8: 120 | C8: 30.2 | D8: 0.076 | E8: 0.204 | F8: 14324 | G8: 0 | H8: =IF(F8=0,0,G8/F8) -> 0 | I8: 0.383 | J8: 5.45 | K8: 4.45 | L8: =IF(AND(D8<Summary!$B$13,E8<Summary!$B$14,H8<Summary!$B$17,I8<Summary!$B$18),"PASS","FAIL") -> PASS | M8: 1.26
A9: 2000 | B9: 159.7 | C9: 39.9 | D9: 0.097 | E9: 0.266 | F9: 19221 | G9: 0 | H9: =IF(F9=0,0,G9/F9) -> 0 | I9: 0.599 | J9: 8.61 | K9: 6.17 | L9: =IF(AND(D9<Summary!$B$13,E9<Summary!$B$14,H9<Summary!$B$17,I9<Summary!$B$18),"PASS","FAIL") -> PASS | M9: 2.07
A10: 3000 | B10: 204.9 | C10: 51.3 | D10: 2.944 | E10: 8.807 | F10: 24527 | G10: 0 | H10: =IF(F10=0,0,G10/F10) -> 0 | I10: 0.988 | J10: 13.82 | K10: 9.57 | L10: =IF(AND(D10<Summary!$B$13,E10<Summary!$B$14,H10<Summary!$B$17,I10<Summary!$B$18),"PASS","FAIL") -> FAIL | M10: 3.64
A12: Source: locust/results/20260930-2045-coding. 32,091 attempts graded, average mark 0.75 (3 of 4 sample answers correct) — confirms the code really ran. Jobe's own limit is 16 programs at once.

Sheet Jupyter
A1: Track 3 — Jupyter notebooks (open activity → personal server starts → pandas cell; a cell every 15–30 s)
A3: Students with a notebook open | B3: Server start p50 (s) | C3: Server start p95 (s) | D3: Cell run p95 (s) | E3: Requests (measured window) | F3: Errors | G3: Error rate | H3: JupyterHub RAM (GB) | I3: RAM per student (MB) | J3: Free host RAM min (GB) | K3: Host CPU avg | L3: Verdict
A4: 10 | B4: 2.09 | C4: 3.72 | D4: 0.05 | E4: 52 | F4: 0 | G4: =IF(E4=0,0,F4/E4) -> 0 | H4: 1.82 | I4: =H4*1024/A4 -> 186.368 | J4: 30.4 | K4: 0.005 | L4: =IF(AND(C4<Summary!$B$15,D4<Summary!$B$16,G4<Summary!$B$17,K4<Summary!$B$18),"PASS","FAIL") -> PASS
A5: 25 | B5: 2.32 | C5: 3.01 | D5: 0.061 | E5: 135 | F5: 0 | G5: =IF(E5=0,0,F5/E5) -> 0 | H5: 4.42 | I5: =H5*1024/A5 -> 181.0432 | J5: 27.9 | K5: 0.005 | L5: =IF(AND(C5<Summary!$B$15,D5<Summary!$B$16,G5<Summary!$B$17,K5<Summary!$B$18),"PASS","FAIL") -> PASS
A6: 50 | B6: 2.05 | C6: 3.54 | D6: 0.057 | E6: 268 | F6: 0 | G6: =IF(E6=0,0,F6/E6) -> 0 | H6: 8.76 | I6: =H6*1024/A6 -> 179.4048 | J6: 23.6 | K6: 0.006 | L6: =IF(AND(C6<Summary!$B$15,D6<Summary!$B$16,G6<Summary!$B$17,K6<Summary!$B$18),"PASS","FAIL") -> PASS
A7: 75 | B7: 2.23 | C7: 4.48 | D7: 0.057 | E7: 405 | F7: 0 | G7: =IF(E7=0,0,F7/E7) -> 0 | H7: 13.11 | I7: =H7*1024/A7 -> 178.9952 | J7: 19.6 | K7: 0.007 | L7: =IF(AND(C7<Summary!$B$15,D7<Summary!$B$16,G7<Summary!$B$17,K7<Summary!$B$18),"PASS","FAIL") -> PASS
A8: 100 | B8: 2.11 | C8: 3.77 | D8: 0.054 | E8: 525 | F8: 0 | G8: =IF(E8=0,0,F8/E8) -> 0 | H8: 17.77 | I8: =H8*1024/A8 -> 181.9648 | J8: 14.9 | K8: 0.009 | L8: =IF(AND(C8<Summary!$B$15,D8<Summary!$B$16,G8<Summary!$B$17,K8<Summary!$B$18),"PASS","FAIL") -> PASS
A9: 125 | B9: 2.17 | C9: 4.44 | D9: 0.052 | E9: 671 | F9: 0 | G9: =IF(E9=0,0,F9/E9) -> 0 | H9: 22.24 | I9: =H9*1024/A9 -> 182.19008 | J9: 10.5 | K9: 0.011 | L9: =IF(AND(C9<Summary!$B$15,D9<Summary!$B$16,G9<Summary!$B$17,K9<Summary!$B$18),"PASS","FAIL") -> PASS
A10: 150 | B10: 2.32 | C10: 4.2 | D10: 0.053 | E10: 943 | F10: 0 | G10: =IF(E10=0,0,F10/E10) -> 0 | H10: 26.17 | I10: =H10*1024/A10 -> 178.65387 | J10: 6 | K10: 0.009 | L10: =IF(AND(C10<Summary!$B$15,D10<Summary!$B$16,G10<Summary!$B$17,K10<Summary!$B$18),"PASS","FAIL") -> PASS
A12: Source: locust/results/20260930-2110-jupyter. Server start times cover every server started during the stage (they start during ramp-up). The test stopped at 150 because free host RAM reached the 6 GB safety floor.
